{"valid/precision_micro":0.7250000238418579,"valid/recall_micro":0.6590909361839294,"valid/acc":0.59375,"valid/recall_macro":0.6590909361839294,"conf_table":{"size":181,"artifact_path":"wandb-client-artifact://wi72b11tenfh2111vwvzl4mof0to4xpko749xkz013ju70c531nawzew5e8da0t9wo0ny28yfcffokkeabj13o5thnvmfm5shn6vvkp6j6dkqudo7ochgdnavz514pj3/conf_table.table.json","_latest_artifact_path":"wandb-client-artifact://p28tjveaby7swh0eyh42qng2wybfx4z9kkxnvan2hac3lxf1ly2kh5wg6ggk38n4q4cctsnyijerngk9qiau2ojonn3car4jfvbkde126pm2xkuexdvgr7bpii0juvu4:latest/conf_table.table.json","path":"media/table/conf_table_2_f1b3c6c749434ae7cd48.table.json","ncols":3,"nrows":4,"_type":"table-file","sha256":"f1b3c6c749434ae7cd48608d7959e30fd1e041bffe2cb75b0dd294ada8940e33"},"epoch":0,"_runtime":4.628632,"valid/loss_step":0.6877907514572144,"_timestamp":1.728597536202671e+09,"valid/precision_macro":0.7250000238418579,"valid/loss_epoch":0.6877907514572144,"valid/f1":0.6904761791229248,"train/loss_epoch":0.7068259716033936,"_wandb":{"runtime":4},"trainer/global_step":3,"_step":4,"train/acc_epoch":0.3671875}