{"valid/precision_micro":0.6399999856948853,"valid/precision_macro":0.6399999856948853,"valid/recall_macro":1,"conf_table":{"sha256":"a90c94c2e306e1f26f881c3b1b0d97734ddfcea3c5971e6f649bea28322dd751","size":180,"artifact_path":"wandb-client-artifact://toa0bq7aeuww0jyo4b53lvm2dc6vmxx8j8jwt823a1yuz6xjaeplcqm576sabtxylsezd8wz862vfjk1q2dvscvz0x8eooeqdsduiagx0xhr1hn60t8gzamr3vxlje10/conf_table.table.json","_latest_artifact_path":"wandb-client-artifact://vmm7nhnjwrc34f7pagoe5f5mk0bwj5dtbo7ylfz3cndz9vsw8e4ir2f5dsuyp2cr2zrvn4c5b7wohyzxns4ov4d32wfe7tgoudfe7pz591gdlsao0usuv5jefcxsx3ik:latest/conf_table.table.json","path":"media/table/conf_table_15_a90c94c2e306e1f26f88.table.json","ncols":3,"nrows":4,"_type":"table-file"},"epoch":1,"_runtime":9.884785,"_timestamp":1.728412754884244e+09,"train/loss_epoch":0.6401911377906799,"valid/recall_micro":1,"train/acc_step":0.78125,"_wandb":{"runtime":9},"valid/loss_epoch":0.6520493030548096,"_step":17,"valid/loss_step":0.6035641431808472,"train/acc_epoch":0.6579999923706055,"train/loss_step":0.574182391166687,"valid/f1":0.7767661213874817,"trainer/global_step":31,"valid/acc":0.6399999856948853}