{"train/loss_epoch":0.6819092035293579,"_runtime":5.591226,"valid/loss_epoch":0.6674445867538452,"valid/recall_micro":0.9545454382896423,"valid/precision_macro":0.699999988079071,"valid/f1":0.807692289352417,"_wandb":{"runtime":5},"valid/precision_micro":0.699999988079071,"train/acc_epoch":0.59765625,"trainer/global_step":3,"_timestamp":1.729549295156899e+09,"valid/loss_step":0.6674445867538452,"conf_table":{"ncols":3,"nrows":4,"_type":"table-file","sha256":"4db7c2c9f895421424a3e989f97c7541404c42d60366a2a07b66fec57aff37fa","size":180,"artifact_path":"wandb-client-artifact://6f8pa8wdfsivhalaj9baxwh8xbcqlm5c6ucrgtcgiu39egjpzcqbr5e11plyws5rq4azc1yyclw9ei4442eijawocstpeqlhdcq8prm6d2nyylwa61h2rpc9o424931q/conf_table.table.json","_latest_artifact_path":"wandb-client-artifact://0c1rbmbf1bma5bpn147t5cr2eg02wwlkinx3vr5qyfmdxuk87e530n4id21tv4k684m4hdql9knvj39xj6ji02f9ba8hnsbsoi4xeswbjma7pafght88q6wstbkmblbc:latest/conf_table.table.json","path":"media/table/conf_table_2_4db7c2c9f895421424a3.table.json"},"_step":4,"valid/recall_macro":0.9545454382896423,"valid/acc":0.6875,"epoch":0}