{"valid/loss_epoch":0.6221809387207031,"train/acc_step":0.640625,"train/loss_epoch":0.6226848363876343,"train/loss_step":0.6119295358657837,"epoch":20,"valid/acc":0.6875,"_timestamp":1.728597377314751e+09,"conf_table":{"path":"media/table/conf_table_90_cf3a62c1b63aa5a08323.table.json","ncols":3,"nrows":4,"_type":"table-file","sha256":"cf3a62c1b63aa5a08323345eb0c6c0c7bf571ec358738c8a52089e0d751786f6","size":180,"artifact_path":"wandb-client-artifact://os3gvl91ns1ll4gwpgsmdwacyd40gpt8u1y0z4lnfx6btxi92575b3psjpnlz5nzac3d7d1886l3trs0f35fz75xn3c3unhd60xmn1g038pi4n0et8o6p2r4ruigsvc4/conf_table.table.json","_latest_artifact_path":"wandb-client-artifact://2tzi7hijlemwd4qv7ym6vj6rsslar80wujqjfrc705flkc14fek8898mj5uag4da9nsj05vg8zo5haklsy96aisj0va5dm4hm4ou1xj2r1x0q1ha9m4uygj8h16h0skr:latest/conf_table.table.json"},"_wandb":{"runtime":45},"valid/precision_macro":0.6875,"valid/recall_micro":1,"_step":92,"valid/loss_step":0.6221809387207031,"train/acc_epoch":0.65234375,"trainer/global_step":83,"valid/recall_macro":1,"valid/precision_micro":0.6875,"_runtime":45.67443,"valid/f1":0.8148148059844971}