{"epoch":18,"valid/loss_epoch":0.6188122630119324,"valid/precision_micro":0.6875,"valid/loss_step":0.6188122630119324,"trainer/global_step":75,"train/acc_step":0.6875,"valid/acc":0.6875,"train/loss_step":0.5924781560897827,"train/acc_epoch":0.63671875,"_timestamp":1.728596832904581e+09,"_runtime":41.270437,"_step":83,"valid/recall_macro":1,"train/loss_epoch":0.6200496554374695,"valid/precision_macro":0.6875,"valid/f1":0.8148148059844971,"conf_table":{"_latest_artifact_path":"wandb-client-artifact://niuoxyo4it5cqu4kf4qreesncomktp4ng54ssyafh34xggnr2zyk6pj2xh54u8u9dpb4hnv3scvzqhfyq6nfexxm5juutc1muthd8hw4qoqxfox0rflqs6b40aks4nie:latest/conf_table.table.json","path":"media/table/conf_table_81_cf3a62c1b63aa5a08323.table.json","ncols":3,"nrows":4,"_type":"table-file","sha256":"cf3a62c1b63aa5a08323345eb0c6c0c7bf571ec358738c8a52089e0d751786f6","size":180,"artifact_path":"wandb-client-artifact://qi96n0bpi5lzkvijgdt69wfn798ivimvog9o1pka5zzsqf85r9ruhbv0owvcezzi7vos52azkp39487lx73enzlu2458iyhaby1svy0hawxw5k00au5om4l9xki7mznd/conf_table.table.json"},"valid/recall_micro":1,"_wandb":{"runtime":41}}