{"valid/precision_micro":0.6399999856948853,"train/loss_epoch":0.6123145818710327,"valid/recall_micro":1,"_wandb":{"runtime":30},"_timestamp":1.728412970568735e+09,"valid/loss_epoch":0.6488301753997803,"trainer/global_step":111,"valid/acc":0.6399999856948853,"valid/precision_macro":0.6399999856948853,"_runtime":30.142747,"valid/recall_macro":1,"train/acc_step":0.65625,"train/acc_epoch":0.6579999923706055,"epoch":6,"_step":60,"train/loss_step":0.6250520944595337,"conf_table":{"size":180,"artifact_path":"wandb-client-artifact://sp8mrfnrur2tjnpu88bv9yemt4ssq5ummkjfv7ldjjnb68ndew5cyug3el88qrl2pa55e3jby25h7vt7gu32e908b34iqt12xj1irf38kvljbqscybdh3gmf12dcv93c/conf_table.table.json","_latest_artifact_path":"wandb-client-artifact://8krq4nm6i1lboxcvnjazq189f2trv4xqvsk6x01c5nclay6s6nv88q1rkfppvywkokau5lteanntr8xqrmzxctxnbxv0vhjwzmtztbl8dmoo18vlwp3iz8ve0lh1limk:latest/conf_table.table.json","path":"media/table/conf_table_58_a90c94c2e306e1f26f88.table.json","ncols":3,"nrows":4,"_type":"table-file","sha256":"a90c94c2e306e1f26f881c3b1b0d97734ddfcea3c5971e6f649bea28322dd751"},"valid/loss_step":0.6205328702926636,"valid/f1":0.7767661213874817}