{"valid/loss_step":0.6259857416152954,"train/acc_epoch":0.66796875,"conf_table":{"nrows":4,"_type":"table-file","sha256":"cf3a62c1b63aa5a08323345eb0c6c0c7bf571ec358738c8a52089e0d751786f6","size":180,"artifact_path":"wandb-client-artifact://kzra7wq0gbfdykiofp55j1cutgb5a6g5n1b3yg2g5f4133zsv95hzxv65d2k2hb569fhzqb5g3rass7321k4v8hlir2ql515mhrqx140563tjekigy7wxqj7q6t9vbyn/conf_table.table.json","_latest_artifact_path":"wandb-client-artifact://t8oekkhm5ssnjfjitdvmej4neytekmehqdgpzi454pxtfmmzvd3avtab5aqwplsgqufudejxmxux9v5ftxzh4qzzd2vjx0diefhctras9crj8135zl7ybxzr7u5s4j8c:latest/conf_table.table.json","path":"media/table/conf_table_86_cf3a62c1b63aa5a08323.table.json","ncols":3},"valid/f1":0.8148148059844971,"train/loss_epoch":0.6029860377311707,"valid/loss_epoch":0.6259857416152954,"trainer/global_step":79,"_wandb":{"runtime":44},"valid/precision_macro":0.6875,"train/loss_step":0.5921940207481384,"epoch":19,"valid/recall_micro":1,"valid/precision_micro":0.6875,"train/acc_step":0.59375,"_runtime":44.079691,"_step":88,"_timestamp":1.7285964961698492e+09,"valid/recall_macro":1,"valid/acc":0.6875}