{"trainer/global_step":15,"valid/loss_step":0.6774070262908936,"epoch":0,"_runtime":6.465733,"valid/acc":0.5299999713897705,"train/acc_step":0.40625,"valid/f1":0.6036749482154846,"_timestamp":1.7284124954089699e+09,"_wandb":{"runtime":6},"train/loss_step":0.7190861701965332,"valid/precision_macro":0.660997211933136,"valid/precision_micro":0.660997211933136,"conf_table":{"artifact_path":"wandb-client-artifact://xg0ht8eih5860sjsku16r26rveu694zm2dh4jxle0tsyk0fdy1bsif016ae0bkn5kyoujn12z7gl47z09d2quzdubbtjf40eowkzm4mlgiuka2pvqq3nw3f559tzar13/conf_table.table.json","_latest_artifact_path":"wandb-client-artifact://wyw6t9z1ox5m1tgiedcaiou5hncc9zob6j9912e2rcjbxkifxb9m52lneu9y9d0ky1xkmf6dylnnvodxakjblqbrctbhm5qn58ic2pu1sc24mqsyuv7985pvj02dkcn0:latest/conf_table.table.json","path":"media/table/conf_table_6_d512d963561a4d0224df.table.json","ncols":3,"nrows":4,"_type":"table-file","sha256":"d512d963561a4d0224dff77e619140306d87c5f1ecf12bd1cc8fc6dd74f964e4","size":182},"valid/recall_micro":0.5695686936378479,"valid/recall_macro":0.5695686936378479,"_step":7,"valid/loss_epoch":0.6927773952484131}