{"valid/recall_macro":1,"_wandb":{"runtime":7},"valid/loss_step":0.6253881454467773,"valid/acc":0.6875,"valid/precision_macro":0.6875,"valid/loss_epoch":0.6253881454467773,"conf_table":{"artifact_path":"wandb-client-artifact://fjpxxhpz963p62ums0qaq822cwyxrwq3c6r5pjodgv13donxxyn81co1s5dwvybiwyh1z1fl5lkhdul14uzys50nlh3iqb5zgq63oz82bjzxinxxgr6mo4s6wzmhqfmy/conf_table.table.json","_latest_artifact_path":"wandb-client-artifact://ypsv67usq8eaysi2j0uggs9ewi428birc99z8k2xyrw20i8hr7xyltu7djdks4vqryutnf0jrew37fz62vsd12rplls6eahl87ropwjwnei7mhm0k39sq2z4e80nadb8:latest/conf_table.table.json","path":"media/table/conf_table_2_cf3a62c1b63aa5a08323.table.json","ncols":3,"nrows":4,"_type":"table-file","sha256":"cf3a62c1b63aa5a08323345eb0c6c0c7bf571ec358738c8a52089e0d751786f6","size":180},"epoch":0,"_timestamp":1.728573067705448e+09,"valid/recall_micro":1,"train/acc_epoch":0.67578125,"valid/f1":0.8148148059844971,"trainer/global_step":3,"_runtime":7.28226,"_step":4,"train/loss_epoch":0.6467912197113037,"valid/precision_micro":0.6875}