{"valid/f1":0.8148148059844971,"train/acc_epoch":0.6640625,"_timestamp":1.728597664725386e+09,"valid/loss_epoch":0.6165202856063843,"conf_table":{"artifact_path":"wandb-client-artifact://2j20knu0ea83lrbylupx9ffw81rdaidax298e3nn677zbcy7h3xgddm280e7ijp6xqrr0gi0oqxbn14nqx4xiyyu9ej5ao264ethpgbui9xm1ufxvumf78fho9kjdzor/conf_table.table.json","_latest_artifact_path":"wandb-client-artifact://dzew31usi8ew7kf1j0ia3306few4jga07vc4zgp0sb7cpw4bybr2c4495xjzgk95gw1gibw8eouvl8xc16kcyy0dr4sfyry5gcq73ztk9znr7rrgrqes2rk2jlv4fkrl:latest/conf_table.table.json","path":"media/table/conf_table_59_cf3a62c1b63aa5a08323.table.json","ncols":3,"nrows":4,"_type":"table-file","sha256":"cf3a62c1b63aa5a08323345eb0c6c0c7bf571ec358738c8a52089e0d751786f6","size":180},"valid/loss_step":0.6165202856063843,"trainer/global_step":55,"epoch":13,"_step":61,"valid/acc":0.6875,"train/loss_epoch":0.6209026575088501,"_runtime":31.806848,"valid/precision_macro":0.6875,"valid/recall_micro":1,"valid/precision_micro":0.6875,"train/acc_step":0.796875,"valid/recall_macro":1,"_wandb":{"runtime":31},"train/loss_step":0.5427032113075256}